"average_danceability","genre"
"0.7503546284224248","TIKTOK PHILIPPINES"
"0.7188216783216798","_TIKTOK"
"0.7452722929936306","TIKTOK DANCE"
"0.6858957528957534","TIKTOK OPM"
